"Category","FileName","RelativePath","Url","StatusCode","ContentType","Bytes","SavedAs"
"Automation","automation__auth-monitoring.md","automation/auth-monitoring.md","https://docs.openclaw.ai/automation/auth-monitoring.md","200","text/markdown; charset=utf-8","1693","Automation\automation__auth-monitoring.md"
"Automation","automation__cron-jobs.md","automation/cron-jobs.md","https://docs.openclaw.ai/automation/cron-jobs.md","200","text/markdown; charset=utf-8","24860","Automation\automation__cron-jobs.md"
"Automation","automation__cron-vs-heartbeat.md","automation/cron-vs-heartbeat.md","https://docs.openclaw.ai/automation/cron-vs-heartbeat.md","200","text/markdown; charset=utf-8","11457","Automation\automation__cron-vs-heartbeat.md"
"Automation","automation__gmail-pubsub.md","automation/gmail-pubsub.md","https://docs.openclaw.ai/automation/gmail-pubsub.md","200","text/markdown; charset=utf-8","8424","Automation\automation__gmail-pubsub.md"
"Automation","automation__hooks.md","automation/hooks.md","https://docs.openclaw.ai/automation/hooks.md","200","text/markdown; charset=utf-8","28567","Automation\automation__hooks.md"
"Automation","automation__poll.md","automation/poll.md","https://docs.openclaw.ai/automation/poll.md","200","text/markdown; charset=utf-8","3419","Automation\automation__poll.md"
"Automation","automation__troubleshooting.md","automation/troubleshooting.md","https://docs.openclaw.ai/automation/troubleshooting.md","200","text/markdown; charset=utf-8","4029","Automation\automation__troubleshooting.md"
"Automation","automation__webhook.md","automation/webhook.md","https://docs.openclaw.ai/automation/webhook.md","200","text/markdown; charset=utf-8","8933","Automation\automation__webhook.md"
"Channels","channels__bluebubbles.md","channels/bluebubbles.md","https://docs.openclaw.ai/channels/bluebubbles.md","200","text/markdown; charset=utf-8","14754","Channels\channels__bluebubbles.md"
"Channels","channels__broadcast-groups.md","channels/broadcast-groups.md","https://docs.openclaw.ai/channels/broadcast-groups.md","200","text/markdown; charset=utf-8","11288","Channels\channels__broadcast-groups.md"
"Channels","channels__channel-routing.md","channels/channel-routing.md","https://docs.openclaw.ai/channels/channel-routing.md","200","text/markdown; charset=utf-8","4797","Channels\channels__channel-routing.md"
"Channels","channels__discord.md","channels/discord.md","https://docs.openclaw.ai/channels/discord.md","200","text/markdown; charset=utf-8","42046","Channels\channels__discord.md"
"Channels","channels__feishu.md","channels/feishu.md","https://docs.openclaw.ai/channels/feishu.md","200","text/markdown; charset=utf-8","19220","Channels\channels__feishu.md"
"Channels","channels__googlechat.md","channels/googlechat.md","https://docs.openclaw.ai/channels/googlechat.md","200","text/markdown; charset=utf-8","11128","Channels\channels__googlechat.md"
"Channels","channels__group-messages.md","channels/group-messages.md","https://docs.openclaw.ai/channels/group-messages.md","200","text/markdown; charset=utf-8","5463","Channels\channels__group-messages.md"
"Channels","channels__groups.md","channels/groups.md","https://docs.openclaw.ai/channels/groups.md","200","text/markdown; charset=utf-8","13526","Channels\channels__groups.md"
"Channels","channels__imessage.md","channels/imessage.md","https://docs.openclaw.ai/channels/imessage.md","200","text/markdown; charset=utf-8","11593","Channels\channels__imessage.md"
"Channels","channels__index.md","channels/index.md","https://docs.openclaw.ai/channels/index.md","200","text/markdown; charset=utf-8","3189","Channels\channels__index.md"
"Channels","channels__irc.md","channels/irc.md","https://docs.openclaw.ai/channels/irc.md","200","text/markdown; charset=utf-8","6615","Channels\channels__irc.md"
"Channels","channels__line.md","channels/line.md","https://docs.openclaw.ai/channels/line.md","200","text/markdown; charset=utf-8","5334","Channels\channels__line.md"
"Channels","channels__location.md","channels/location.md","https://docs.openclaw.ai/channels/location.md","200","text/markdown; charset=utf-8","1705","Channels\channels__location.md"
"Channels","channels__matrix.md","channels/matrix.md","https://docs.openclaw.ai/channels/matrix.md","200","text/markdown; charset=utf-8","13560","Channels\channels__matrix.md"
"Channels","channels__mattermost.md","channels/mattermost.md","https://docs.openclaw.ai/channels/mattermost.md","200","text/markdown; charset=utf-8","14977","Channels\channels__mattermost.md"
"Channels","channels__msteams.md","channels/msteams.md","https://docs.openclaw.ai/channels/msteams.md","200","text/markdown; charset=utf-8","33934","Channels\channels__msteams.md"
"Channels","channels__nextcloud-talk.md","channels/nextcloud-talk.md","https://docs.openclaw.ai/channels/nextcloud-talk.md","200","text/markdown; charset=utf-8","5371","Channels\channels__nextcloud-talk.md"
"Channels","channels__nostr.md","channels/nostr.md","https://docs.openclaw.ai/channels/nostr.md","200","text/markdown; charset=utf-8","6388","Channels\channels__nostr.md"
"Channels","channels__pairing.md","channels/pairing.md","https://docs.openclaw.ai/channels/pairing.md","200","text/markdown; charset=utf-8","3770","Channels\channels__pairing.md"
"Channels","channels__signal.md","channels/signal.md","https://docs.openclaw.ai/channels/signal.md","200","text/markdown; charset=utf-8","13338","Channels\channels__signal.md"
"Channels","channels__slack.md","channels/slack.md","https://docs.openclaw.ai/channels/slack.md","200","text/markdown; charset=utf-8","19046","Channels\channels__slack.md"
"Channels","channels__synology-chat.md","channels/synology-chat.md","https://docs.openclaw.ai/channels/synology-chat.md","200","text/markdown; charset=utf-8","3977","Channels\channels__synology-chat.md"
"Channels","channels__telegram.md","channels/telegram.md","https://docs.openclaw.ai/channels/telegram.md","200","text/markdown; charset=utf-8","38172","Channels\channels__telegram.md"
"Channels","channels__tlon.md","channels/tlon.md","https://docs.openclaw.ai/channels/tlon.md","200","text/markdown; charset=utf-8","7890","Channels\channels__tlon.md"
"Channels","channels__troubleshooting.md","channels/troubleshooting.md","https://docs.openclaw.ai/channels/troubleshooting.md","200","text/markdown; charset=utf-8","7145","Channels\channels__troubleshooting.md"
"Channels","channels__twitch.md","channels/twitch.md","https://docs.openclaw.ai/channels/twitch.md","200","text/markdown; charset=utf-8","10770","Channels\channels__twitch.md"
"Channels","channels__whatsapp.md","channels/whatsapp.md","https://docs.openclaw.ai/channels/whatsapp.md","200","text/markdown; charset=utf-8","14237","Channels\channels__whatsapp.md"
"Channels","channels__zalo.md","channels/zalo.md","https://docs.openclaw.ai/channels/zalo.md","200","text/markdown; charset=utf-8","8649","Channels\channels__zalo.md"
"Channels","channels__zalouser.md","channels/zalouser.md","https://docs.openclaw.ai/channels/zalouser.md","200","text/markdown; charset=utf-8","6075","Channels\channels__zalouser.md"
"CLI","cli__acp.md","cli/acp.md","https://docs.openclaw.ai/cli/acp.md","200","text/markdown; charset=utf-8","14438","CLI\cli__acp.md"
"CLI","cli__agent.md","cli/agent.md","https://docs.openclaw.ai/cli/agent.md","200","text/markdown; charset=utf-8","1058","CLI\cli__agent.md"
"CLI","cli__agents.md","cli/agents.md","https://docs.openclaw.ai/cli/agents.md","200","text/markdown; charset=utf-8","3735","CLI\cli__agents.md"
"CLI","cli__approvals.md","cli/approvals.md","https://docs.openclaw.ai/cli/approvals.md","200","text/markdown; charset=utf-8","1741","CLI\cli__approvals.md"
"CLI","cli__browser.md","cli/browser.md","https://docs.openclaw.ai/cli/browser.md","200","text/markdown; charset=utf-8","3553","CLI\cli__browser.md"
"CLI","cli__channels.md","cli/channels.md","https://docs.openclaw.ai/cli/channels.md","200","text/markdown; charset=utf-8","4854","CLI\cli__channels.md"
"CLI","cli__clawbot.md","cli/clawbot.md","https://docs.openclaw.ai/cli/clawbot.md","200","text/markdown; charset=utf-8","510","CLI\cli__clawbot.md"
"CLI","cli__completion.md","cli/completion.md","https://docs.openclaw.ai/cli/completion.md","200","text/markdown; charset=utf-8","1284","CLI\cli__completion.md"
"CLI","cli__config.md","cli/config.md","https://docs.openclaw.ai/cli/config.md","200","text/markdown; charset=utf-8","2118","CLI\cli__config.md"
"CLI","cli__configure.md","cli/configure.md","https://docs.openclaw.ai/cli/configure.md","200","text/markdown; charset=utf-8","1802","CLI\cli__configure.md"
"CLI","cli__cron.md","cli/cron.md","https://docs.openclaw.ai/cli/cron.md","200","text/markdown; charset=utf-8","2917","CLI\cli__cron.md"
"CLI","cli__daemon.md","cli/daemon.md","https://docs.openclaw.ai/cli/daemon.md","200","text/markdown; charset=utf-8","1895","CLI\cli__daemon.md"
"CLI","cli__dashboard.md","cli/dashboard.md","https://docs.openclaw.ai/cli/dashboard.md","200","text/markdown; charset=utf-8","935","CLI\cli__dashboard.md"
"CLI","cli__devices.md","cli/devices.md","https://docs.openclaw.ai/cli/devices.md","200","text/markdown; charset=utf-8","3643","CLI\cli__devices.md"
"CLI","cli__directory.md","cli/directory.md","https://docs.openclaw.ai/cli/directory.md","200","text/markdown; charset=utf-8","2378","CLI\cli__directory.md"
"CLI","cli__dns.md","cli/dns.md","https://docs.openclaw.ai/cli/dns.md","200","text/markdown; charset=utf-8","616","CLI\cli__dns.md"
"CLI","cli__docs.md","cli/docs.md","https://docs.openclaw.ai/cli/docs.md","200","text/markdown; charset=utf-8","421","CLI\cli__docs.md"
"CLI","cli__doctor.md","cli/doctor.md","https://docs.openclaw.ai/cli/doctor.md","200","text/markdown; charset=utf-8","2043","CLI\cli__doctor.md"
"CLI","cli__gateway.md","cli/gateway.md","https://docs.openclaw.ai/cli/gateway.md","200","text/markdown; charset=utf-8","8512","CLI\cli__gateway.md"
"CLI","cli__health.md","cli/health.md","https://docs.openclaw.ai/cli/health.md","200","text/markdown; charset=utf-8","620","CLI\cli__health.md"
"CLI","cli__hooks.md","cli/hooks.md","https://docs.openclaw.ai/cli/hooks.md","200","text/markdown; charset=utf-8","7581","CLI\cli__hooks.md"
"CLI","cli__index.md","cli/index.md","https://docs.openclaw.ai/cli/index.md","200","text/markdown; charset=utf-8","31830","CLI\cli__index.md"
"CLI","cli__logs.md","cli/logs.md","https://docs.openclaw.ai/cli/logs.md","200","text/markdown; charset=utf-8","654","CLI\cli__logs.md"
"CLI","cli__memory.md","cli/memory.md","https://docs.openclaw.ai/cli/memory.md","200","text/markdown; charset=utf-8","2412","CLI\cli__memory.md"
"CLI","cli__message.md","cli/message.md","https://docs.openclaw.ai/cli/message.md","200","text/markdown; charset=utf-8","7921","CLI\cli__message.md"
"CLI","cli__models.md","cli/models.md","https://docs.openclaw.ai/cli/models.md","200","text/markdown; charset=utf-8","3194","CLI\cli__models.md"
"CLI","cli__node.md","cli/node.md","https://docs.openclaw.ai/cli/node.md","200","text/markdown; charset=utf-8","4292","CLI\cli__node.md"
"CLI","cli__nodes.md","cli/nodes.md","https://docs.openclaw.ai/cli/nodes.md","200","text/markdown; charset=utf-8","2793","CLI\cli__nodes.md"
"CLI","cli__onboard.md","cli/onboard.md","https://docs.openclaw.ai/cli/onboard.md","200","text/markdown; charset=utf-8","5545","CLI\cli__onboard.md"
"CLI","cli__pairing.md","cli/pairing.md","https://docs.openclaw.ai/cli/pairing.md","200","text/markdown; charset=utf-8","1058","CLI\cli__pairing.md"
"CLI","cli__plugins.md","cli/plugins.md","https://docs.openclaw.ai/cli/plugins.md","200","text/markdown; charset=utf-8","3582","CLI\cli__plugins.md"
"CLI","cli__qr.md","cli/qr.md","https://docs.openclaw.ai/cli/qr.md","200","text/markdown; charset=utf-8","2207","CLI\cli__qr.md"
"CLI","cli__reset.md","cli/reset.md","https://docs.openclaw.ai/cli/reset.md","200","text/markdown; charset=utf-8","607","CLI\cli__reset.md"
"CLI","cli__sandbox.md","cli/sandbox.md","https://docs.openclaw.ai/cli/sandbox.md","200","text/markdown; charset=utf-8","4786","CLI\cli__sandbox.md"
"CLI","cli__secrets.md","cli/secrets.md","https://docs.openclaw.ai/cli/secrets.md","200","text/markdown; charset=utf-8","6535","CLI\cli__secrets.md"
"CLI","cli__security.md","cli/security.md","https://docs.openclaw.ai/cli/security.md","200","text/markdown; charset=utf-8","4816","CLI\cli__security.md"
"CLI","cli__sessions.md","cli/sessions.md","https://docs.openclaw.ai/cli/sessions.md","200","text/markdown; charset=utf-8","3608","CLI\cli__sessions.md"
"CLI","cli__setup.md","cli/setup.md","https://docs.openclaw.ai/cli/setup.md","200","text/markdown; charset=utf-8","703","CLI\cli__setup.md"
"CLI","cli__skills.md","cli/skills.md","https://docs.openclaw.ai/cli/skills.md","200","text/markdown; charset=utf-8","703","CLI\cli__skills.md"
"CLI","cli__status.md","cli/status.md","https://docs.openclaw.ai/cli/status.md","200","text/markdown; charset=utf-8","1392","CLI\cli__status.md"
"CLI","cli__system.md","cli/system.md","https://docs.openclaw.ai/cli/system.md","200","text/markdown; charset=utf-8","1588","CLI\cli__system.md"
"CLI","cli__tui.md","cli/tui.md","https://docs.openclaw.ai/cli/tui.md","200","text/markdown; charset=utf-8","936","CLI\cli__tui.md"
"CLI","cli__uninstall.md","cli/uninstall.md","https://docs.openclaw.ai/cli/uninstall.md","200","text/markdown; charset=utf-8","599","CLI\cli__uninstall.md"
"CLI","cli__update.md","cli/update.md","https://docs.openclaw.ai/cli/update.md","200","text/markdown; charset=utf-8","3622","CLI\cli__update.md"
"CLI","cli__voicecall.md","cli/voicecall.md","https://docs.openclaw.ai/cli/voicecall.md","200","text/markdown; charset=utf-8","1098","CLI\cli__voicecall.md"
"CLI","cli__webhooks.md","cli/webhooks.md","https://docs.openclaw.ai/cli/webhooks.md","200","text/markdown; charset=utf-8","678","CLI\cli__webhooks.md"
"Concepts","concepts__agent.md","concepts/agent.md","https://docs.openclaw.ai/concepts/agent.md","200","text/markdown; charset=utf-8","5332","Concepts\concepts__agent.md"
"Concepts","concepts__agent-loop.md","concepts/agent-loop.md","https://docs.openclaw.ai/concepts/agent-loop.md","200","text/markdown; charset=utf-8","7066","Concepts\concepts__agent-loop.md"
"Concepts","concepts__agent-workspace.md","concepts/agent-workspace.md","https://docs.openclaw.ai/concepts/agent-workspace.md","200","text/markdown; charset=utf-8","7726","Concepts\concepts__agent-workspace.md"
"Concepts","concepts__architecture.md","concepts/architecture.md","https://docs.openclaw.ai/concepts/architecture.md","200","text/markdown; charset=utf-8","5131","Concepts\concepts__architecture.md"
"Concepts","concepts__compaction.md","concepts/compaction.md","https://docs.openclaw.ai/concepts/compaction.md","200","text/markdown; charset=utf-8","3817","Concepts\concepts__compaction.md"
"Concepts","concepts__context.md","concepts/context.md","https://docs.openclaw.ai/concepts/context.md","200","text/markdown; charset=utf-8","7292","Concepts\concepts__context.md"
"Concepts","concepts__features.md","concepts/features.md","https://docs.openclaw.ai/concepts/features.md","200","text/markdown; charset=utf-8","1985","Concepts\concepts__features.md"
"Concepts","concepts__markdown-formatting.md","concepts/markdown-formatting.md","https://docs.openclaw.ai/concepts/markdown-formatting.md","200","text/markdown; charset=utf-8","4861","Concepts\concepts__markdown-formatting.md"
"Concepts","concepts__memory.md","concepts/memory.md","https://docs.openclaw.ai/concepts/memory.md","200","text/markdown; charset=utf-8","31616","Concepts\concepts__memory.md"
"Concepts","concepts__messages.md","concepts/messages.md","https://docs.openclaw.ai/concepts/messages.md","200","text/markdown; charset=utf-8","5693","Concepts\concepts__messages.md"
"Concepts","concepts__model-failover.md","concepts/model-failover.md","https://docs.openclaw.ai/concepts/model-failover.md","200","text/markdown; charset=utf-8","5816","Concepts\concepts__model-failover.md"
"Concepts","concepts__model-providers.md","concepts/model-providers.md","https://docs.openclaw.ai/concepts/model-providers.md","200","text/markdown; charset=utf-8","14968","Concepts\concepts__model-providers.md"
"Concepts","concepts__models.md","concepts/models.md","https://docs.openclaw.ai/concepts/models.md","200","text/markdown; charset=utf-8","8414","Concepts\concepts__models.md"
"Concepts","concepts__multi-agent.md","concepts/multi-agent.md","https://docs.openclaw.ai/concepts/multi-agent.md","200","text/markdown; charset=utf-8","17390","Concepts\concepts__multi-agent.md"
"Concepts","concepts__oauth.md","concepts/oauth.md","https://docs.openclaw.ai/concepts/oauth.md","200","text/markdown; charset=utf-8","5628","Concepts\concepts__oauth.md"
"Concepts","concepts__presence.md","concepts/presence.md","https://docs.openclaw.ai/concepts/presence.md","200","text/markdown; charset=utf-8","3509","Concepts\concepts__presence.md"
"Concepts","concepts__queue.md","concepts/queue.md","https://docs.openclaw.ai/concepts/queue.md","200","text/markdown; charset=utf-8","4456","Concepts\concepts__queue.md"
"Concepts","concepts__retry.md","concepts/retry.md","https://docs.openclaw.ai/concepts/retry.md","200","text/markdown; charset=utf-8","1579","Concepts\concepts__retry.md"
"Concepts","concepts__session.md","concepts/session.md","https://docs.openclaw.ai/concepts/session.md","200","text/markdown; charset=utf-8","14871","Concepts\concepts__session.md"
"Concepts","concepts__session-pruning.md","concepts/session-pruning.md","https://docs.openclaw.ai/concepts/session-pruning.md","200","text/markdown; charset=utf-8","4634","Concepts\concepts__session-pruning.md"
"Concepts","concepts__session-tool.md","concepts/session-tool.md","https://docs.openclaw.ai/concepts/session-tool.md","200","text/markdown; charset=utf-8","9373","Concepts\concepts__session-tool.md"
"Concepts","concepts__streaming.md","concepts/streaming.md","https://docs.openclaw.ai/concepts/streaming.md","200","text/markdown; charset=utf-8","6805","Concepts\concepts__streaming.md"
"Concepts","concepts__system-prompt.md","concepts/system-prompt.md","https://docs.openclaw.ai/concepts/system-prompt.md","200","text/markdown; charset=utf-8","6057","Concepts\concepts__system-prompt.md"
"Concepts","concepts__timezone.md","concepts/timezone.md","https://docs.openclaw.ai/concepts/timezone.md","200","text/markdown; charset=utf-8","2479","Concepts\concepts__timezone.md"
"Concepts","concepts__typebox.md","concepts/typebox.md","https://docs.openclaw.ai/concepts/typebox.md","200","text/markdown; charset=utf-8","9130","Concepts\concepts__typebox.md"
"Concepts","concepts__typing-indicators.md","concepts/typing-indicators.md","https://docs.openclaw.ai/concepts/typing-indicators.md","200","text/markdown; charset=utf-8","2180","Concepts\concepts__typing-indicators.md"
"Concepts","concepts__usage-tracking.md","concepts/usage-tracking.md","https://docs.openclaw.ai/concepts/usage-tracking.md","200","text/markdown; charset=utf-8","1583","Concepts\concepts__usage-tracking.md"
"Engineering","debug__node-issue.md","debug/node-issue.md","https://docs.openclaw.ai/debug/node-issue.md","200","text/markdown; charset=utf-8","3058","Engineering\debug__node-issue.md"
"Engineering","design__kilo-gateway-integration.md","design/kilo-gateway-integration.md","https://docs.openclaw.ai/design/kilo-gateway-integration.md","200","text/markdown; charset=utf-8","16817","Engineering\design__kilo-gateway-integration.md"
"Engineering","diagnostics__flags.md","diagnostics/flags.md","https://docs.openclaw.ai/diagnostics/flags.md","200","text/markdown; charset=utf-8","2417","Engineering\diagnostics__flags.md"
"Engineering","experiments__onboarding-config-protocol.md","experiments/onboarding-config-protocol.md","https://docs.openclaw.ai/experiments/onboarding-config-protocol.md","200","text/markdown; charset=utf-8","1664","Engineering\experiments__onboarding-config-protocol.md"
"Engineering","experiments__plans__acp-thread-bound-agents.md","experiments/plans/acp-thread-bound-agents.md","https://docs.openclaw.ai/experiments/plans/acp-thread-bound-agents.md","200","text/markdown; charset=utf-8","29931","Engineering\experiments__plans__acp-thread-bound-agents.md"
"Engineering","experiments__plans__acp-unified-streaming-refactor.md","experiments/plans/acp-unified-streaming-refactor.md","https://docs.openclaw.ai/experiments/plans/acp-unified-streaming-refactor.md","200","text/markdown; charset=utf-8","3602","Engineering\experiments__plans__acp-unified-streaming-refactor.md"
"Engineering","experiments__plans__browser-evaluate-cdp-refactor.md","experiments/plans/browser-evaluate-cdp-refactor.md","https://docs.openclaw.ai/experiments/plans/browser-evaluate-cdp-refactor.md","200","text/markdown; charset=utf-8","10185","Engineering\experiments__plans__browser-evaluate-cdp-refactor.md"
"Engineering","experiments__plans__openresponses-gateway.md","experiments/plans/openresponses-gateway.md","https://docs.openclaw.ai/experiments/plans/openresponses-gateway.md","200","text/markdown; charset=utf-8","5218","Engineering\experiments__plans__openresponses-gateway.md"
"Engineering","experiments__plans__pty-process-supervision.md","experiments/plans/pty-process-supervision.md","https://docs.openclaw.ai/experiments/plans/pty-process-supervision.md","200","text/markdown; charset=utf-8","7945","Engineering\experiments__plans__pty-process-supervision.md"
"Engineering","experiments__plans__session-binding-channel-agnostic.md","experiments/plans/session-binding-channel-agnostic.md","https://docs.openclaw.ai/experiments/plans/session-binding-channel-agnostic.md","200","text/markdown; charset=utf-8","6384","Engineering\experiments__plans__session-binding-channel-agnostic.md"
"Engineering","experiments__proposals__model-config.md","experiments/proposals/model-config.md","https://docs.openclaw.ai/experiments/proposals/model-config.md","200","text/markdown; charset=utf-8","1229","Engineering\experiments__proposals__model-config.md"
"Engineering","experiments__research__memory.md","experiments/research/memory.md","https://docs.openclaw.ai/experiments/research/memory.md","200","text/markdown; charset=utf-8","9125","Engineering\experiments__research__memory.md"
"Gateway","gateway__authentication.md","gateway/authentication.md","https://docs.openclaw.ai/gateway/authentication.md","200","text/markdown; charset=utf-8","6116","Gateway\gateway__authentication.md"
"Gateway","gateway__background-process.md","gateway/background-process.md","https://docs.openclaw.ai/gateway/background-process.md","200","text/markdown; charset=utf-8","4026","Gateway\gateway__background-process.md"
"Gateway","gateway__bonjour.md","gateway/bonjour.md","https://docs.openclaw.ai/gateway/bonjour.md","200","text/markdown; charset=utf-8","6578","Gateway\gateway__bonjour.md"
"Gateway","gateway__bridge-protocol.md","gateway/bridge-protocol.md","https://docs.openclaw.ai/gateway/bridge-protocol.md","200","text/markdown; charset=utf-8","3450","Gateway\gateway__bridge-protocol.md"
"Gateway","gateway__cli-backends.md","gateway/cli-backends.md","https://docs.openclaw.ai/gateway/cli-backends.md","200","text/markdown; charset=utf-8","7103","Gateway\gateway__cli-backends.md"
"Gateway","gateway__configuration.md","gateway/configuration.md","https://docs.openclaw.ai/gateway/configuration.md","200","text/markdown; charset=utf-8","19648","Gateway\gateway__configuration.md"
"Gateway","gateway__configuration-examples.md","gateway/configuration-examples.md","https://docs.openclaw.ai/gateway/configuration-examples.md","200","text/markdown; charset=utf-8","16030","Gateway\gateway__configuration-examples.md"
"Gateway","gateway__configuration-reference.md","gateway/configuration-reference.md","https://docs.openclaw.ai/gateway/configuration-reference.md","200","text/markdown; charset=utf-8","111102","Gateway\gateway__configuration-reference.md"
"Gateway","gateway__discovery.md","gateway/discovery.md","https://docs.openclaw.ai/gateway/discovery.md","200","text/markdown; charset=utf-8","5540","Gateway\gateway__discovery.md"
"Gateway","gateway__doctor.md","gateway/doctor.md","https://docs.openclaw.ai/gateway/doctor.md","200","text/markdown; charset=utf-8","15534","Gateway\gateway__doctor.md"
"Gateway","gateway__gateway-lock.md","gateway/gateway-lock.md","https://docs.openclaw.ai/gateway/gateway-lock.md","200","text/markdown; charset=utf-8","1701","Gateway\gateway__gateway-lock.md"
"Gateway","gateway__health.md","gateway/health.md","https://docs.openclaw.ai/gateway/health.md","200","text/markdown; charset=utf-8","2427","Gateway\gateway__health.md"
"Gateway","gateway__heartbeat.md","gateway/heartbeat.md","https://docs.openclaw.ai/gateway/heartbeat.md","200","text/markdown; charset=utf-8","16503","Gateway\gateway__heartbeat.md"
"Gateway","gateway__index.md","gateway/index.md","https://docs.openclaw.ai/gateway/index.md","200","text/markdown; charset=utf-8","8460","Gateway\gateway__index.md"
"Gateway","gateway__local-models.md","gateway/local-models.md","https://docs.openclaw.ai/gateway/local-models.md","200","text/markdown; charset=utf-8","5315","Gateway\gateway__local-models.md"
"Gateway","gateway__logging.md","gateway/logging.md","https://docs.openclaw.ai/gateway/logging.md","200","text/markdown; charset=utf-8","4277","Gateway\gateway__logging.md"
"Gateway","gateway__multiple-gateways.md","gateway/multiple-gateways.md","https://docs.openclaw.ai/gateway/multiple-gateways.md","200","text/markdown; charset=utf-8","3812","Gateway\gateway__multiple-gateways.md"
"Gateway","gateway__network-model.md","gateway/network-model.md","https://docs.openclaw.ai/gateway/network-model.md","200","text/markdown; charset=utf-8","1595","Gateway\gateway__network-model.md"
"Gateway","gateway__openai-http-api.md","gateway/openai-http-api.md","https://docs.openclaw.ai/gateway/openai-http-api.md","200","text/markdown; charset=utf-8","4114","Gateway\gateway__openai-http-api.md"
"Gateway","gateway__openresponses-http-api.md","gateway/openresponses-http-api.md","https://docs.openclaw.ai/gateway/openresponses-http-api.md","200","text/markdown; charset=utf-8","10098","Gateway\gateway__openresponses-http-api.md"
"Gateway","gateway__pairing.md","gateway/pairing.md","https://docs.openclaw.ai/gateway/pairing.md","200","text/markdown; charset=utf-8","3494","Gateway\gateway__pairing.md"
"Gateway","gateway__protocol.md","gateway/protocol.md","https://docs.openclaw.ai/gateway/protocol.md","200","text/markdown; charset=utf-8","9497","Gateway\gateway__protocol.md"
"Gateway","gateway__remote.md","gateway/remote.md","https://docs.openclaw.ai/gateway/remote.md","200","text/markdown; charset=utf-8","7504","Gateway\gateway__remote.md"
"Gateway","gateway__remote-gateway-readme.md","gateway/remote-gateway-readme.md","https://docs.openclaw.ai/gateway/remote-gateway-readme.md","200","text/markdown; charset=utf-8","4475","Gateway\gateway__remote-gateway-readme.md"
"Gateway","gateway__sandboxing.md","gateway/sandboxing.md","https://docs.openclaw.ai/gateway/sandboxing.md","200","text/markdown; charset=utf-8","10716","Gateway\gateway__sandboxing.md"
"Gateway","gateway__sandbox-vs-tool-policy-vs-elevated.md","gateway/sandbox-vs-tool-policy-vs-elevated.md","https://docs.openclaw.ai/gateway/sandbox-vs-tool-policy-vs-elevated.md","200","text/markdown; charset=utf-8","5513","Gateway\gateway__sandbox-vs-tool-policy-vs-elevated.md"
"Gateway","gateway__secrets.md","gateway/secrets.md","https://docs.openclaw.ai/gateway/secrets.md","200","text/markdown; charset=utf-8","16348","Gateway\gateway__secrets.md"
"Gateway","gateway__secrets-plan-contract.md","gateway/secrets-plan-contract.md","https://docs.openclaw.ai/gateway/secrets-plan-contract.md","200","text/markdown; charset=utf-8","3507","Gateway\gateway__secrets-plan-contract.md"
"Gateway","gateway__security__index.md","gateway/security/index.md","https://docs.openclaw.ai/gateway/security/index.md","200","text/markdown; charset=utf-8","66168","Gateway\gateway__security__index.md"
"Gateway","gateway__tailscale.md","gateway/tailscale.md","https://docs.openclaw.ai/gateway/tailscale.md","200","text/markdown; charset=utf-8","5097","Gateway\gateway__tailscale.md"
"Gateway","gateway__tools-invoke-http-api.md","gateway/tools-invoke-http-api.md","https://docs.openclaw.ai/gateway/tools-invoke-http-api.md","200","text/markdown; charset=utf-8","3596","Gateway\gateway__tools-invoke-http-api.md"
"Gateway","gateway__troubleshooting.md","gateway/troubleshooting.md","https://docs.openclaw.ai/gateway/troubleshooting.md","200","text/markdown; charset=utf-8","13714","Gateway\gateway__troubleshooting.md"
"Gateway","gateway__trusted-proxy-auth.md","gateway/trusted-proxy-auth.md","https://docs.openclaw.ai/gateway/trusted-proxy-auth.md","200","text/markdown; charset=utf-8","10912","Gateway\gateway__trusted-proxy-auth.md"
"General","auth-credential-semantics.md","auth-credential-semantics.md","https://docs.openclaw.ai/auth-credential-semantics.md","200","text/markdown; charset=utf-8","1703","General\auth-credential-semantics.md"
"General","brave-search.md","brave-search.md","https://docs.openclaw.ai/brave-search.md","200","text/markdown; charset=utf-8","3162","General\brave-search.md"
"General","ci.md","ci.md","https://docs.openclaw.ai/ci.md","200","text/markdown; charset=utf-8","3380","General\ci.md"
"General","date-time.md","date-time.md","https://docs.openclaw.ai/date-time.md","200","text/markdown; charset=utf-8","3628","General\date-time.md"
"General","index.md","index.md","https://docs.openclaw.ai/index.md","200","text/markdown; charset=utf-8","6912","General\index.md"
"General","perplexity.md","perplexity.md","https://docs.openclaw.ai/perplexity.md","200","text/markdown; charset=utf-8","2104","General\perplexity.md"
"General","pi.md","pi.md","https://docs.openclaw.ai/pi.md","200","text/markdown; charset=utf-8","22509","General\pi.md"
"General","pi-dev.md","pi-dev.md","https://docs.openclaw.ai/pi-dev.md","200","text/markdown; charset=utf-8","2574","General\pi-dev.md"
"General","prose.md","prose.md","https://docs.openclaw.ai/prose.md","200","text/markdown; charset=utf-8","3856","General\prose.md"
"General","tts.md","tts.md","https://docs.openclaw.ai/tts.md","200","text/markdown; charset=utf-8","12703","General\tts.md"
"General","vps.md","vps.md","https://docs.openclaw.ai/vps.md","200","text/markdown; charset=utf-8","3967","General\vps.md"
"Help","help__debugging.md","help/debugging.md","https://docs.openclaw.ai/help/debugging.md","200","text/markdown; charset=utf-8","4905","Help\help__debugging.md"
"Help","help__environment.md","help/environment.md","https://docs.openclaw.ai/help/environment.md","200","text/markdown; charset=utf-8","5779","Help\help__environment.md"
"Help","help__faq.md","help/faq.md","https://docs.openclaw.ai/help/faq.md","200","text/markdown; charset=utf-8","132838","Help\help__faq.md"
"Help","help__index.md","help/index.md","https://docs.openclaw.ai/help/index.md","200","text/markdown; charset=utf-8","732","Help\help__index.md"
"Help","help__scripts.md","help/scripts.md","https://docs.openclaw.ai/help/scripts.md","200","text/markdown; charset=utf-8","951","Help\help__scripts.md"
"Help","help__testing.md","help/testing.md","https://docs.openclaw.ai/help/testing.md","200","text/markdown; charset=utf-8","21942","Help\help__testing.md"
"Help","help__troubleshooting.md","help/troubleshooting.md","https://docs.openclaw.ai/help/troubleshooting.md","200","text/markdown; charset=utf-8","10321","Help\help__troubleshooting.md"
"Install","install__ansible.md","install/ansible.md","https://docs.openclaw.ai/install/ansible.md","200","text/markdown; charset=utf-8","6416","Install\install__ansible.md"
"Install","install__bun.md","install/bun.md","https://docs.openclaw.ai/install/bun.md","200","text/markdown; charset=utf-8","1920","Install\install__bun.md"
"Install","install__development-channels.md","install/development-channels.md","https://docs.openclaw.ai/install/development-channels.md","200","text/markdown; charset=utf-8","2658","Install\install__development-channels.md"
"Install","install__docker.md","install/docker.md","https://docs.openclaw.ai/install/docker.md","200","text/markdown; charset=utf-8","32021","Install\install__docker.md"
"Install","install__exe-dev.md","install/exe-dev.md","https://docs.openclaw.ai/install/exe-dev.md","200","text/markdown; charset=utf-8","3995","Install\install__exe-dev.md"
"Install","install__fly.md","install/fly.md","https://docs.openclaw.ai/install/fly.md","200","text/markdown; charset=utf-8","13802","Install\install__fly.md"
"Install","install__gcp.md","install/gcp.md","https://docs.openclaw.ai/install/gcp.md","200","text/markdown; charset=utf-8","15410","Install\install__gcp.md"
"Install","install__hetzner.md","install/hetzner.md","https://docs.openclaw.ai/install/hetzner.md","200","text/markdown; charset=utf-8","10709","Install\install__hetzner.md"
"Install","install__index.md","install/index.md","https://docs.openclaw.ai/install/index.md","200","text/markdown; charset=utf-8","7290","Install\install__index.md"
"Install","install__installer.md","install/installer.md","https://docs.openclaw.ai/install/installer.md","200","text/markdown; charset=utf-8","18102","Install\install__installer.md"
"Install","install__macos-vm.md","install/macos-vm.md","https://docs.openclaw.ai/install/macos-vm.md","200","text/markdown; charset=utf-8","7480","Install\install__macos-vm.md"
"Install","install__migrating.md","install/migrating.md","https://docs.openclaw.ai/install/migrating.md","200","text/markdown; charset=utf-8","5706","Install\install__migrating.md"
"Install","install__nix.md","install/nix.md","https://docs.openclaw.ai/install/nix.md","200","text/markdown; charset=utf-8","3622","Install\install__nix.md"
"Install","install__node.md","install/node.md","https://docs.openclaw.ai/install/node.md","200","text/markdown; charset=utf-8","4086","Install\install__node.md"
"Install","install__northflank.md","install/northflank.md","https://docs.openclaw.ai/install/northflank.md","200","text/markdown; charset=utf-8","2310","Install\install__northflank.md"
"Install","install__podman.md","install/podman.md","https://docs.openclaw.ai/install/podman.md","200","text/markdown; charset=utf-8","8827","Install\install__podman.md"
"Install","install__railway.md","install/railway.md","https://docs.openclaw.ai/install/railway.md","200","text/markdown; charset=utf-8","3232","Install\install__railway.md"
"Install","install__render.md","install/render.md","https://docs.openclaw.ai/install/render.md","200","text/markdown; charset=utf-8","5818","Install\install__render.md"
"Install","install__uninstall.md","install/uninstall.md","https://docs.openclaw.ai/install/uninstall.md","200","text/markdown; charset=utf-8","4007","Install\install__uninstall.md"
"Install","install__updating.md","install/updating.md","https://docs.openclaw.ai/install/updating.md","200","text/markdown; charset=utf-8","8508","Install\install__updating.md"
"Nodes","nodes__audio.md","nodes/audio.md","https://docs.openclaw.ai/nodes/audio.md","200","text/markdown; charset=utf-8","7525","Nodes\nodes__audio.md"
"Nodes","nodes__camera.md","nodes/camera.md","https://docs.openclaw.ai/nodes/camera.md","200","text/markdown; charset=utf-8","5796","Nodes\nodes__camera.md"
"Nodes","nodes__images.md","nodes/images.md","https://docs.openclaw.ai/nodes/images.md","200","text/markdown; charset=utf-8","3786","Nodes\nodes__images.md"
"Nodes","nodes__index.md","nodes/index.md","https://docs.openclaw.ai/nodes/index.md","200","text/markdown; charset=utf-8","15549","Nodes\nodes__index.md"
"Nodes","nodes__location-command.md","nodes/location-command.md","https://docs.openclaw.ai/nodes/location-command.md","200","text/markdown; charset=utf-8","2827","Nodes\nodes__location-command.md"
"Nodes","nodes__media-understanding.md","nodes/media-understanding.md","https://docs.openclaw.ai/nodes/media-understanding.md","200","text/markdown; charset=utf-8","12126","Nodes\nodes__media-understanding.md"
"Nodes","nodes__talk.md","nodes/talk.md","https://docs.openclaw.ai/nodes/talk.md","200","text/markdown; charset=utf-8","3270","Nodes\nodes__talk.md"
"Nodes","nodes__troubleshooting.md","nodes/troubleshooting.md","https://docs.openclaw.ai/nodes/troubleshooting.md","200","text/markdown; charset=utf-8","4407","Nodes\nodes__troubleshooting.md"
"Nodes","nodes__voicewake.md","nodes/voicewake.md","https://docs.openclaw.ai/nodes/voicewake.md","200","text/markdown; charset=utf-8","2136","Nodes\nodes__voicewake.md"
"Platforms","platforms__android.md","platforms/android.md","https://docs.openclaw.ai/platforms/android.md","200","text/markdown; charset=utf-8","5936","Platforms\platforms__android.md"
"Platforms","platforms__digitalocean.md","platforms/digitalocean.md","https://docs.openclaw.ai/platforms/digitalocean.md","200","text/markdown; charset=utf-8","7543","Platforms\platforms__digitalocean.md"
"Platforms","platforms__index.md","platforms/index.md","https://docs.openclaw.ai/platforms/index.md","200","text/markdown; charset=utf-8","1829","Platforms\platforms__index.md"
"Platforms","platforms__ios.md","platforms/ios.md","https://docs.openclaw.ai/platforms/ios.md","200","text/markdown; charset=utf-8","3896","Platforms\platforms__ios.md"
"Platforms","platforms__linux.md","platforms/linux.md","https://docs.openclaw.ai/platforms/linux.md","200","text/markdown; charset=utf-8","1996","Platforms\platforms__linux.md"
"Platforms","platforms__mac__bundled-gateway.md","platforms/mac/bundled-gateway.md","https://docs.openclaw.ai/platforms/mac/bundled-gateway.md","200","text/markdown; charset=utf-8","2187","Platforms\platforms__mac__bundled-gateway.md"
"Platforms","platforms__mac__canvas.md","platforms/mac/canvas.md","https://docs.openclaw.ai/platforms/mac/canvas.md","200","text/markdown; charset=utf-8","3902","Platforms\platforms__mac__canvas.md"
"Platforms","platforms__mac__child-process.md","platforms/mac/child-process.md","https://docs.openclaw.ai/platforms/mac/child-process.md","200","text/markdown; charset=utf-8","2601","Platforms\platforms__mac__child-process.md"
"Platforms","platforms__mac__dev-setup.md","platforms/mac/dev-setup.md","https://docs.openclaw.ai/platforms/mac/dev-setup.md","200","text/markdown; charset=utf-8","3353","Platforms\platforms__mac__dev-setup.md"
"Platforms","platforms__mac__health.md","platforms/mac/health.md","https://docs.openclaw.ai/platforms/mac/health.md","200","text/markdown; charset=utf-8","1571","Platforms\platforms__mac__health.md"
"Platforms","platforms__mac__icon.md","platforms/mac/icon.md","https://docs.openclaw.ai/platforms/mac/icon.md","200","text/markdown; charset=utf-8","2105","Platforms\platforms__mac__icon.md"
"Platforms","platforms__mac__logging.md","platforms/mac/logging.md","https://docs.openclaw.ai/platforms/mac/logging.md","200","text/markdown; charset=utf-8","2619","Platforms\platforms__mac__logging.md"
"Platforms","platforms__mac__menu-bar.md","platforms/mac/menu-bar.md","https://docs.openclaw.ai/platforms/mac/menu-bar.md","200","text/markdown; charset=utf-8","3203","Platforms\platforms__mac__menu-bar.md"
"Platforms","platforms__mac__peekaboo.md","platforms/mac/peekaboo.md","https://docs.openclaw.ai/platforms/mac/peekaboo.md","200","text/markdown; charset=utf-8","2200","Platforms\platforms__mac__peekaboo.md"
"Platforms","platforms__mac__permissions.md","platforms/mac/permissions.md","https://docs.openclaw.ai/platforms/mac/permissions.md","200","text/markdown; charset=utf-8","2277","Platforms\platforms__mac__permissions.md"
"Platforms","platforms__mac__release.md","platforms/mac/release.md","https://docs.openclaw.ai/platforms/mac/release.md","200","text/markdown; charset=utf-8","5424","Platforms\platforms__mac__release.md"
"Platforms","platforms__mac__remote.md","platforms/mac/remote.md","https://docs.openclaw.ai/platforms/mac/remote.md","200","text/markdown; charset=utf-8","4995","Platforms\platforms__mac__remote.md"
"Platforms","platforms__mac__signing.md","platforms/mac/signing.md","https://docs.openclaw.ai/platforms/mac/signing.md","200","text/markdown; charset=utf-8","3642","Platforms\platforms__mac__signing.md"
"Platforms","platforms__mac__skills.md","platforms/mac/skills.md","https://docs.openclaw.ai/platforms/mac/skills.md","200","text/markdown; charset=utf-8","1166","Platforms\platforms__mac__skills.md"
"Platforms","platforms__mac__voice-overlay.md","platforms/mac/voice-overlay.md","https://docs.openclaw.ai/platforms/mac/voice-overlay.md","200","text/markdown; charset=utf-8","3917","Platforms\platforms__mac__voice-overlay.md"
"Platforms","platforms__mac__voicewake.md","platforms/mac/voicewake.md","https://docs.openclaw.ai/platforms/mac/voicewake.md","200","text/markdown; charset=utf-8","4153","Platforms\platforms__mac__voicewake.md"
"Platforms","platforms__mac__webchat.md","platforms/mac/webchat.md","https://docs.openclaw.ai/platforms/mac/webchat.md","200","text/markdown; charset=utf-8","1505","Platforms\platforms__mac__webchat.md"
"Platforms","platforms__mac__xpc.md","platforms/mac/xpc.md","https://docs.openclaw.ai/platforms/mac/xpc.md","200","text/markdown; charset=utf-8","2856","Platforms\platforms__mac__xpc.md"
"Platforms","platforms__macos.md","platforms/macos.md","https://docs.openclaw.ai/platforms/macos.md","200","text/markdown; charset=utf-8","8372","Platforms\platforms__macos.md"
"Platforms","platforms__oracle.md","platforms/oracle.md","https://docs.openclaw.ai/platforms/oracle.md","200","text/markdown; charset=utf-8","10055","Platforms\platforms__oracle.md"
"Platforms","platforms__raspberry-pi.md","platforms/raspberry-pi.md","https://docs.openclaw.ai/platforms/raspberry-pi.md","200","text/markdown; charset=utf-8","11256","Platforms\platforms__raspberry-pi.md"
"Platforms","platforms__windows.md","platforms/windows.md","https://docs.openclaw.ai/platforms/windows.md","200","text/markdown; charset=utf-8","5367","Platforms\platforms__windows.md"
"Plugins","plugins__agent-tools.md","plugins/agent-tools.md","https://docs.openclaw.ai/plugins/agent-tools.md","200","text/markdown; charset=utf-8","2848","Plugins\plugins__agent-tools.md"
"Plugins","plugins__community.md","plugins/community.md","https://docs.openclaw.ai/plugins/community.md","200","text/markdown; charset=utf-8","1673","Plugins\plugins__community.md"
"Plugins","plugins__manifest.md","plugins/manifest.md","https://docs.openclaw.ai/plugins/manifest.md","200","text/markdown; charset=utf-8","2933","Plugins\plugins__manifest.md"
"Plugins","plugins__voice-call.md","plugins/voice-call.md","https://docs.openclaw.ai/plugins/voice-call.md","200","text/markdown; charset=utf-8","9346","Plugins\plugins__voice-call.md"
"Plugins","plugins__zalouser.md","plugins/zalouser.md","https://docs.openclaw.ai/plugins/zalouser.md","200","text/markdown; charset=utf-8","2132","Plugins\plugins__zalouser.md"
"Providers","providers__anthropic.md","providers/anthropic.md","https://docs.openclaw.ai/providers/anthropic.md","200","text/markdown; charset=utf-8","7959","Providers\providers__anthropic.md"
"Providers","providers__bedrock.md","providers/bedrock.md","https://docs.openclaw.ai/providers/bedrock.md","200","text/markdown; charset=utf-8","5723","Providers\providers__bedrock.md"
"Providers","providers__claude-max-api-proxy.md","providers/claude-max-api-proxy.md","https://docs.openclaw.ai/providers/claude-max-api-proxy.md","200","text/markdown; charset=utf-8","5035","Providers\providers__claude-max-api-proxy.md"
"Providers","providers__cloudflare-ai-gateway.md","providers/cloudflare-ai-gateway.md","https://docs.openclaw.ai/providers/cloudflare-ai-gateway.md","200","text/markdown; charset=utf-8","2220","Providers\providers__cloudflare-ai-gateway.md"
"Providers","providers__deepgram.md","providers/deepgram.md","https://docs.openclaw.ai/providers/deepgram.md","200","text/markdown; charset=utf-8","2463","Providers\providers__deepgram.md"
"Providers","providers__github-copilot.md","providers/github-copilot.md","https://docs.openclaw.ai/providers/github-copilot.md","200","text/markdown; charset=utf-8","2383","Providers\providers__github-copilot.md"
"Providers","providers__glm.md","providers/glm.md","https://docs.openclaw.ai/providers/glm.md","200","text/markdown; charset=utf-8","954","Providers\providers__glm.md"
"Providers","providers__huggingface.md","providers/huggingface.md","https://docs.openclaw.ai/providers/huggingface.md","200","text/markdown; charset=utf-8","9474","Providers\providers__huggingface.md"
"Providers","providers__index.md","providers/index.md","https://docs.openclaw.ai/providers/index.md","200","text/markdown; charset=utf-8","2137","Providers\providers__index.md"
"Providers","providers__kilocode.md","providers/kilocode.md","https://docs.openclaw.ai/providers/kilocode.md","200","text/markdown; charset=utf-8","2238","Providers\providers__kilocode.md"
"Providers","providers__litellm.md","providers/litellm.md","https://docs.openclaw.ai/providers/litellm.md","200","text/markdown; charset=utf-8","4002","Providers\providers__litellm.md"
"Providers","providers__minimax.md","providers/minimax.md","https://docs.openclaw.ai/providers/minimax.md","200","text/markdown; charset=utf-8","7485","Providers\providers__minimax.md"
"Providers","providers__mistral.md","providers/mistral.md","https://docs.openclaw.ai/providers/mistral.md","200","text/markdown; charset=utf-8","1581","Providers\providers__mistral.md"
"Providers","providers__models.md","providers/models.md","https://docs.openclaw.ai/providers/models.md","200","text/markdown; charset=utf-8","1458","Providers\providers__models.md"
"Providers","providers__moonshot.md","providers/moonshot.md","https://docs.openclaw.ai/providers/moonshot.md","200","text/markdown; charset=utf-8","4291","Providers\providers__moonshot.md"
"Providers","providers__nvidia.md","providers/nvidia.md","https://docs.openclaw.ai/providers/nvidia.md","200","text/markdown; charset=utf-8","1599","Providers\providers__nvidia.md"
"Providers","providers__ollama.md","providers/ollama.md","https://docs.openclaw.ai/providers/ollama.md","200","text/markdown; charset=utf-8","8408","Providers\providers__ollama.md"
"Providers","providers__openai.md","providers/openai.md","https://docs.openclaw.ai/providers/openai.md","200","text/markdown; charset=utf-8","6256","Providers\providers__openai.md"
"Providers","providers__opencode.md","providers/opencode.md","https://docs.openclaw.ai/providers/opencode.md","200","text/markdown; charset=utf-8","1879","Providers\providers__opencode.md"
"Providers","providers__opencode-go.md","providers/opencode-go.md","https://docs.openclaw.ai/providers/opencode-go.md","200","text/markdown; charset=utf-8","1316","Providers\providers__opencode-go.md"
"Providers","providers__openrouter.md","providers/openrouter.md","https://docs.openclaw.ai/providers/openrouter.md","200","text/markdown; charset=utf-8","1091","Providers\providers__openrouter.md"
"Providers","providers__qianfan.md","providers/qianfan.md","https://docs.openclaw.ai/providers/qianfan.md","200","text/markdown; charset=utf-8","1253","Providers\providers__qianfan.md"
"Providers","providers__qwen.md","providers/qwen.md","https://docs.openclaw.ai/providers/qwen.md","200","text/markdown; charset=utf-8","1621","Providers\providers__qwen.md"
"Providers","providers__synthetic.md","providers/synthetic.md","https://docs.openclaw.ai/providers/synthetic.md","200","text/markdown; charset=utf-8","4486","Providers\providers__synthetic.md"
"Providers","providers__together.md","providers/together.md","https://docs.openclaw.ai/providers/together.md","200","text/markdown; charset=utf-8","1949","Providers\providers__together.md"
"Providers","providers__venice.md","providers/venice.md","https://docs.openclaw.ai/providers/venice.md","200","text/markdown; charset=utf-8","14338","Providers\providers__venice.md"
"Providers","providers__vercel-ai-gateway.md","providers/vercel-ai-gateway.md","https://docs.openclaw.ai/providers/vercel-ai-gateway.md","200","text/markdown; charset=utf-8","1778","Providers\providers__vercel-ai-gateway.md"
"Providers","providers__vllm.md","providers/vllm.md","https://docs.openclaw.ai/providers/vllm.md","200","text/markdown; charset=utf-8","2724","Providers\providers__vllm.md"
"Providers","providers__xiaomi.md","providers/xiaomi.md","https://docs.openclaw.ai/providers/xiaomi.md","200","text/markdown; charset=utf-8","1977","Providers\providers__xiaomi.md"
"Providers","providers__zai.md","providers/zai.md","https://docs.openclaw.ai/providers/zai.md","200","text/markdown; charset=utf-8","1183","Providers\providers__zai.md"
"Reference","reference__AGENTS.default.md","reference/AGENTS.default.md","https://docs.openclaw.ai/reference/AGENTS.default.md","200","text/markdown; charset=utf-8","5898","Reference\reference__AGENTS.default.md"
"Reference","reference__api-usage-costs.md","reference/api-usage-costs.md","https://docs.openclaw.ai/reference/api-usage-costs.md","200","text/markdown; charset=utf-8","5115","Reference\reference__api-usage-costs.md"
"Reference","reference__credits.md","reference/credits.md","https://docs.openclaw.ai/reference/credits.md","200","text/markdown; charset=utf-8","1185","Reference\reference__credits.md"
"Reference","reference__device-models.md","reference/device-models.md","https://docs.openclaw.ai/reference/device-models.md","200","text/markdown; charset=utf-8","2073","Reference\reference__device-models.md"
"Reference","reference__prompt-caching.md","reference/prompt-caching.md","https://docs.openclaw.ai/reference/prompt-caching.md","200","text/markdown; charset=utf-8","5793","Reference\reference__prompt-caching.md"
"Reference","reference__RELEASING.md","reference/RELEASING.md","https://docs.openclaw.ai/reference/RELEASING.md","200","text/markdown; charset=utf-8","8572","Reference\reference__RELEASING.md"
"Reference","reference__rpc.md","reference/rpc.md","https://docs.openclaw.ai/reference/rpc.md","200","text/markdown; charset=utf-8","1404","Reference\reference__rpc.md"
"Reference","reference__secretref-credential-surface.md","reference/secretref-credential-surface.md","https://docs.openclaw.ai/reference/secretref-credential-surface.md","200","text/markdown; charset=utf-8","4755","Reference\reference__secretref-credential-surface.md"
"Reference","reference__session-management-compaction.md","reference/session-management-compaction.md","https://docs.openclaw.ai/reference/session-management-compaction.md","200","text/markdown; charset=utf-8","12395","Reference\reference__session-management-compaction.md"
"Reference","reference__templates__AGENTS.md","reference/templates/AGENTS.md","https://docs.openclaw.ai/reference/templates/AGENTS.md","200","text/markdown; charset=utf-8","8177","Reference\reference__templates__AGENTS.md"
"Reference","reference__templates__BOOT.md","reference/templates/BOOT.md","https://docs.openclaw.ai/reference/templates/BOOT.md","200","text/markdown; charset=utf-8","444","Reference\reference__templates__BOOT.md"
"Reference","reference__templates__BOOTSTRAP.md","reference/templates/BOOTSTRAP.md","https://docs.openclaw.ai/reference/templates/BOOTSTRAP.md","200","text/markdown; charset=utf-8","1720","Reference\reference__templates__BOOTSTRAP.md"
"Reference","reference__templates__HEARTBEAT.md","reference/templates/HEARTBEAT.md","https://docs.openclaw.ai/reference/templates/HEARTBEAT.md","200","text/markdown; charset=utf-8","418","Reference\reference__templates__HEARTBEAT.md"
"Reference","reference__templates__IDENTITY.md","reference/templates/IDENTITY.md","https://docs.openclaw.ai/reference/templates/IDENTITY.md","200","text/markdown; charset=utf-8","873","Reference\reference__templates__IDENTITY.md"
"Reference","reference__templates__SOUL.md","reference/templates/SOUL.md","https://docs.openclaw.ai/reference/templates/SOUL.md","200","text/markdown; charset=utf-8","1918","Reference\reference__templates__SOUL.md"
"Reference","reference__templates__TOOLS.md","reference/templates/TOOLS.md","https://docs.openclaw.ai/reference/templates/TOOLS.md","200","text/markdown; charset=utf-8","1163","Reference\reference__templates__TOOLS.md"
"Reference","reference__templates__USER.md","reference/templates/USER.md","https://docs.openclaw.ai/reference/templates/USER.md","200","text/markdown; charset=utf-8","710","Reference\reference__templates__USER.md"
"Reference","reference__test.md","reference/test.md","https://docs.openclaw.ai/reference/test.md","200","text/markdown; charset=utf-8","3800","Reference\reference__test.md"
"Reference","reference__token-use.md","reference/token-use.md","https://docs.openclaw.ai/reference/token-use.md","200","text/markdown; charset=utf-8","6910","Reference\reference__token-use.md"
"Reference","reference__transcript-hygiene.md","reference/transcript-hygiene.md","https://docs.openclaw.ai/reference/transcript-hygiene.md","200","text/markdown; charset=utf-8","5595","Reference\reference__transcript-hygiene.md"
"Reference","reference__wizard.md","reference/wizard.md","https://docs.openclaw.ai/reference/wizard.md","200","text/markdown; charset=utf-8","14672","Reference\reference__wizard.md"
"Security","security__CONTRIBUTING-THREAT-MODEL.md","security/CONTRIBUTING-THREAT-MODEL.md","https://docs.openclaw.ai/security/CONTRIBUTING-THREAT-MODEL.md","200","text/markdown; charset=utf-8","4864","Security\security__CONTRIBUTING-THREAT-MODEL.md"
"Security","security__formal-verification.md","security/formal-verification.md","https://docs.openclaw.ai/security/formal-verification.md","200","text/markdown; charset=utf-8","6136","Security\security__formal-verification.md"
"Security","security__THREAT-MODEL-ATLAS.md","security/THREAT-MODEL-ATLAS.md","https://docs.openclaw.ai/security/THREAT-MODEL-ATLAS.md","200","text/markdown; charset=utf-8","39128","Security\security__THREAT-MODEL-ATLAS.md"
"Start","start__bootstrapping.md","start/bootstrapping.md","https://docs.openclaw.ai/start/bootstrapping.md","200","text/markdown; charset=utf-8","1306","Start\start__bootstrapping.md"
"Start","start__docs-directory.md","start/docs-directory.md","https://docs.openclaw.ai/start/docs-directory.md","200","text/markdown; charset=utf-8","2079","Start\start__docs-directory.md"
"Start","start__getting-started.md","start/getting-started.md","https://docs.openclaw.ai/start/getting-started.md","200","text/markdown; charset=utf-8","3915","Start\start__getting-started.md"
"Start","start__hubs.md","start/hubs.md","https://docs.openclaw.ai/start/hubs.md","200","text/markdown; charset=utf-8","6128","Start\start__hubs.md"
"Start","start__lore.md","start/lore.md","https://docs.openclaw.ai/start/lore.md","200","text/markdown; charset=utf-8","7400","Start\start__lore.md"
"Start","start__onboarding.md","start/onboarding.md","https://docs.openclaw.ai/start/onboarding.md","200","text/markdown; charset=utf-8","4546","Start\start__onboarding.md"
"Start","start__onboarding-overview.md","start/onboarding-overview.md","https://docs.openclaw.ai/start/onboarding-overview.md","200","text/markdown; charset=utf-8","1551","Start\start__onboarding-overview.md"
"Start","start__openclaw.md","start/openclaw.md","https://docs.openclaw.ai/start/openclaw.md","200","text/markdown; charset=utf-8","8082","Start\start__openclaw.md"
"Start","start__setup.md","start/setup.md","https://docs.openclaw.ai/start/setup.md","200","text/markdown; charset=utf-8","5580","Start\start__setup.md"
"Start","start__showcase.md","start/showcase.md","https://docs.openclaw.ai/start/showcase.md","200","text/markdown; charset=utf-8","19355","Start\start__showcase.md"
"Start","start__wizard.md","start/wizard.md","https://docs.openclaw.ai/start/wizard.md","200","text/markdown; charset=utf-8","5882","Start\start__wizard.md"
"Start","start__wizard-cli-automation.md","start/wizard-cli-automation.md","https://docs.openclaw.ai/start/wizard-cli-automation.md","200","text/markdown; charset=utf-8","6661","Start\start__wizard-cli-automation.md"
"Start","start__wizard-cli-reference.md","start/wizard-cli-reference.md","https://docs.openclaw.ai/start/wizard-cli-reference.md","200","text/markdown; charset=utf-8","12737","Start\start__wizard-cli-reference.md"
"Tools","tools__acp-agents.md","tools/acp-agents.md","https://docs.openclaw.ai/tools/acp-agents.md","200","text/markdown; charset=utf-8","28310","Tools\tools__acp-agents.md"
"Tools","tools__agent-send.md","tools/agent-send.md","https://docs.openclaw.ai/tools/agent-send.md","200","text/markdown; charset=utf-8","2534","Tools\tools__agent-send.md"
"Tools","tools__apply-patch.md","tools/apply-patch.md","https://docs.openclaw.ai/tools/apply-patch.md","200","text/markdown; charset=utf-8","1643","Tools\tools__apply-patch.md"
"Tools","tools__browser.md","tools/browser.md","https://docs.openclaw.ai/tools/browser.md","200","text/markdown; charset=utf-8","27051","Tools\tools__browser.md"
"Tools","tools__browser-linux-troubleshooting.md","tools/browser-linux-troubleshooting.md","https://docs.openclaw.ai/tools/browser-linux-troubleshooting.md","200","text/markdown; charset=utf-8","5213","Tools\tools__browser-linux-troubleshooting.md"
"Tools","tools__browser-login.md","tools/browser-login.md","https://docs.openclaw.ai/tools/browser-login.md","200","text/markdown; charset=utf-8","2014","Tools\tools__browser-login.md"
"Tools","tools__chrome-extension.md","tools/chrome-extension.md","https://docs.openclaw.ai/tools/chrome-extension.md","200","text/markdown; charset=utf-8","7468","Tools\tools__chrome-extension.md"
"Tools","tools__clawhub.md","tools/clawhub.md","https://docs.openclaw.ai/tools/clawhub.md","200","text/markdown; charset=utf-8","8858","Tools\tools__clawhub.md"
"Tools","tools__creating-skills.md","tools/creating-skills.md","https://docs.openclaw.ai/tools/creating-skills.md","200","text/markdown; charset=utf-8","1988","Tools\tools__creating-skills.md"
"Tools","tools__diffs.md","tools/diffs.md","https://docs.openclaw.ai/tools/diffs.md","200","text/markdown; charset=utf-8","11394","Tools\tools__diffs.md"
"Tools","tools__elevated.md","tools/elevated.md","https://docs.openclaw.ai/tools/elevated.md","200","text/markdown; charset=utf-8","4159","Tools\tools__elevated.md"
"Tools","tools__exec.md","tools/exec.md","https://docs.openclaw.ai/tools/exec.md","200","text/markdown; charset=utf-8","9728","Tools\tools__exec.md"
"Tools","tools__exec-approvals.md","tools/exec-approvals.md","https://docs.openclaw.ai/tools/exec-approvals.md","200","text/markdown; charset=utf-8","9578","Tools\tools__exec-approvals.md"
"Tools","tools__firecrawl.md","tools/firecrawl.md","https://docs.openclaw.ai/tools/firecrawl.md","200","text/markdown; charset=utf-8","1900","Tools\tools__firecrawl.md"
"Tools","tools__index.md","tools/index.md","https://docs.openclaw.ai/tools/index.md","200","text/markdown; charset=utf-8","21642","Tools\tools__index.md"
"Tools","tools__llm-task.md","tools/llm-task.md","https://docs.openclaw.ai/tools/llm-task.md","200","text/markdown; charset=utf-8","2806","Tools\tools__llm-task.md"
"Tools","tools__lobster.md","tools/lobster.md","https://docs.openclaw.ai/tools/lobster.md","200","text/markdown; charset=utf-8","11208","Tools\tools__lobster.md"
"Tools","tools__loop-detection.md","tools/loop-detection.md","https://docs.openclaw.ai/tools/loop-detection.md","200","text/markdown; charset=utf-8","3131","Tools\tools__loop-detection.md"
"Tools","tools__multi-agent-sandbox-tools.md","tools/multi-agent-sandbox-tools.md","https://docs.openclaw.ai/tools/multi-agent-sandbox-tools.md","200","text/markdown; charset=utf-8","10964","Tools\tools__multi-agent-sandbox-tools.md"
"Tools","tools__pdf.md","tools/pdf.md","https://docs.openclaw.ai/tools/pdf.md","200","text/markdown; charset=utf-8","4661","Tools\tools__pdf.md"
"Tools","tools__plugin.md","tools/plugin.md","https://docs.openclaw.ai/tools/plugin.md","200","text/markdown; charset=utf-8","33306","Tools\tools__plugin.md"
"Tools","tools__reactions.md","tools/reactions.md","https://docs.openclaw.ai/tools/reactions.md","200","text/markdown; charset=utf-8","1257","Tools\tools__reactions.md"
"Tools","tools__skills.md","tools/skills.md","https://docs.openclaw.ai/tools/skills.md","200","text/markdown; charset=utf-8","12746","Tools\tools__skills.md"
"Tools","tools__skills-config.md","tools/skills-config.md","https://docs.openclaw.ai/tools/skills-config.md","200","text/markdown; charset=utf-8","2844","Tools\tools__skills-config.md"
"Tools","tools__slash-commands.md","tools/slash-commands.md","https://docs.openclaw.ai/tools/slash-commands.md","200","text/markdown; charset=utf-8","13693","Tools\tools__slash-commands.md"
"Tools","tools__subagents.md","tools/subagents.md","https://docs.openclaw.ai/tools/subagents.md","200","text/markdown; charset=utf-8","15332","Tools\tools__subagents.md"
"Tools","tools__thinking.md","tools/thinking.md","https://docs.openclaw.ai/tools/thinking.md","200","text/markdown; charset=utf-8","5219","Tools\tools__thinking.md"
"Tools","tools__web.md","tools/web.md","https://docs.openclaw.ai/tools/web.md","200","text/markdown; charset=utf-8","15269","Tools\tools__web.md"
"Web","web__control-ui.md","web/control-ui.md","https://docs.openclaw.ai/web/control-ui.md","200","text/markdown; charset=utf-8","11451","Web\web__control-ui.md"
"Web","web__dashboard.md","web/dashboard.md","https://docs.openclaw.ai/web/dashboard.md","200","text/markdown; charset=utf-8","3547","Web\web__dashboard.md"
"Web","web__index.md","web/index.md","https://docs.openclaw.ai/web/index.md","200","text/markdown; charset=utf-8","3655","Web\web__index.md"
"Web","web__tui.md","web/tui.md","https://docs.openclaw.ai/web/tui.md","200","text/markdown; charset=utf-8","5934","Web\web__tui.md"
"Web","web__webchat.md","web/webchat.md","https://docs.openclaw.ai/web/webchat.md","200","text/markdown; charset=utf-8","2806","Web\web__webchat.md"
